"filename", "language", "Python", "JSON", "HTML", "C++", "XML", "comment", "blank", "total"
"f:\Script\ProjectForCompany\200822_ForgeWorkHoursManagementSystem\201129_PY_DataAnsys_Beta\Ansys_01_OldExcel.py", "Python", 37, 0, 0, 0, 0, 18, 8, 63
"f:\Script\ProjectForCompany\200822_ForgeWorkHoursManagementSystem\201129_PY_DataAnsys_Beta\Ansys_02_StatisticsWorkTime.py", "Python", 349, 0, 0, 0, 0, 118, 92, 559
"f:\Script\ProjectForCompany\200822_ForgeWorkHoursManagementSystem\201129_PY_DataAnsys_Beta\Ansys_03_SummaryWorkTime.py", "Python", 23, 0, 0, 0, 0, 6, 11, 40
"f:\Script\ProjectForCompany\200822_ForgeWorkHoursManagementSystem\201129_PY_DataAnsys_Beta\ForTest.py", "Python", 2, 0, 0, 0, 0, 1, 1, 4
"f:\Script\ProjectForCompany\200822_ForgeWorkHoursManagementSystem\201129_PY_DataAnsys_Beta\Method_01.py", "Python", 197, 0, 0, 0, 0, 101, 36, 334
"f:\Script\ProjectForCompany\200822_ForgeWorkHoursManagementSystem\201129_PY_DataAnsys_Beta\Method_02.py", "Python", 13, 0, 0, 0, 0, 1, 2, 16
"f:\Script\ProjectForCompany\200822_ForgeWorkHoursManagementSystem\201129_PY_DataAnsys_Beta\Method_03.py", "Python", 29, 0, 0, 0, 0, 4, 8, 41
"f:\Script\ProjectForCompany\200822_ForgeWorkHoursManagementSystem\201129_PY_DataAnsys_Beta\MyConstant.py", "Python", 6, 0, 0, 0, 0, 3, 3, 12
"f:\Script\ProjectForCompany\200822_ForgeWorkHoursManagementSystem\201129_PY_DataAnsys_Beta\MyStringMethod.py", "Python", 7, 0, 0, 0, 0, 3, 3, 13
"f:\Script\ProjectForCompany\200822_ForgeWorkHoursManagementSystem\201129_PY_DataAnsys_Beta\MyTool.py", "Python", 0, 0, 0, 0, 0, 0, 1, 1
"f:\Script\ProjectForCompany\200822_ForgeWorkHoursManagementSystem\201129_PY_DataAnsys_Beta\Visual_01_VisualOfWorkTime.py", "Python", 9, 0, 0, 0, 0, 0, 4, 13
"f:\Script\ProjectForCompany\200822_ForgeWorkHoursManagementSystem\201129_PY_DataAnsys_Beta\build\main\xref-main.html", "HTML", 0, 0, 28651, 0, 0, 0, 5170, 33821
"f:\Script\ProjectForCompany\200822_ForgeWorkHoursManagementSystem\201129_PY_DataAnsys_Beta\data\result\折线图.html", "HTML", 0, 0, 574, 0, 0, 0, 2, 576
"f:\Script\ProjectForCompany\200822_ForgeWorkHoursManagementSystem\201129_PY_DataAnsys_Beta\data\result\柱状图.html", "HTML", 0, 0, 439, 0, 0, 0, 2, 441
"f:\Script\ProjectForCompany\200822_ForgeWorkHoursManagementSystem\201129_PY_DataAnsys_Beta\data\result\饼图.html", "HTML", 0, 0, 247, 0, 0, 0, 2, 249
"f:\Script\ProjectForCompany\200822_ForgeWorkHoursManagementSystem\201129_PY_DataAnsys_Beta\dist\main\Include\pyconfig.h", "C++", 0, 0, 0, 248, 0, 290, 150, 688
"f:\Script\ProjectForCompany\200822_ForgeWorkHoursManagementSystem\201129_PY_DataAnsys_Beta\dist\main\docx\templates\default-footer.xml", "XML", 0, 0, 0, 0, 27, 0, 1, 28
"f:\Script\ProjectForCompany\200822_ForgeWorkHoursManagementSystem\201129_PY_DataAnsys_Beta\dist\main\docx\templates\default-header.xml", "XML", 0, 0, 0, 0, 27, 0, 1, 28
"f:\Script\ProjectForCompany\200822_ForgeWorkHoursManagementSystem\201129_PY_DataAnsys_Beta\dist\main\docx\templates\default-settings.xml", "XML", 0, 0, 0, 0, 26, 0, 1, 27
"f:\Script\ProjectForCompany\200822_ForgeWorkHoursManagementSystem\201129_PY_DataAnsys_Beta\dist\main\docx\templates\default-styles.xml", "XML", 0, 0, 0, 0, 190, 0, 1, 191
"f:\Script\ProjectForCompany\200822_ForgeWorkHoursManagementSystem\201129_PY_DataAnsys_Beta\dist\main\wcwidth\version.json", "JSON", 0, 1, 0, 0, 0, 0, 1, 2
"f:\Script\ProjectForCompany\200822_ForgeWorkHoursManagementSystem\201129_PY_DataAnsys_Beta\main.py", "Python", 30, 0, 0, 0, 0, 14, 16, 60
"Total", "-", 702, 1, 29911, 248, 270, 559, 5516, 37207